USER_NAME,attractionId,photoCount
36989139@N03,HK_1,13
36989139@N03,HK_5,11
36989139@N03,HK_6,12
36989139@N03,HK_13,5
36989139@N03,HK_22,16
36989139@N03,HK_38,19
36989139@N03,HK_45,4
36989139@N03,HK_47,16
36989139@N03,HK_59,6
36989139@N03,HK_65,17
36989139@N03,HK_75,24
10596458@N08,HK_1,32
10596458@N08,HK_5,12
10596458@N08,HK_6,1
10596458@N08,HK_10,7
10596458@N08,HK_12,1
10596458@N08,HK_16,1
10596458@N08,HK_24,17
10596458@N08,HK_35,2
10596458@N08,HK_59,4
10596458@N08,HK_71,18
10596458@N08,HK_76,7
13523064@N03,GD_10,21
30058939@N05,NMG_1,15
30058939@N05,YN_3,17
30058939@N05,SH_32,61
30058939@N05,SH_43,61
30058939@N05,SH_46,22
14994572@N00,TW_0,44
14994572@N00,TW_5,51
14994572@N00,TW_8,23
14994572@N00,TW_34,33
14994572@N00,TW_49,72
14994572@N00,TW_52,77
14994572@N00,TW_57,63
14994572@N00,TW_62,33
14994572@N00,TW_95,302
14994572@N00,TW_105,35
14994572@N00,TW_106,51
14994572@N00,TW_132,17
14994572@N00,TW_133,9
14994572@N00,TW_140,15
14994572@N00,TW_142,22
14994572@N00,TW_150,17
14994572@N00,TW_167,26
14994572@N00,TW_169,30
14994572@N00,TW_200,87
14994572@N00,TW_203,15
14994572@N00,TW_227,73
14994572@N00,TW_232,82
14994572@N00,TW_241,128
14994572@N00,TW_260,26
14994572@N00,TW_299,16
14994572@N00,TW_315,29
14994572@N00,TW_360,22
14994572@N00,TW_385,18
38439215@N06,TW_1,1256
38439215@N06,TW_7,497
38439215@N06,TW_15,78
38439215@N06,TW_16,223
38439215@N06,TW_19,844
38439215@N06,TW_31,123
38439215@N06,TW_69,45
38439215@N06,TW_73,205
38439215@N06,TW_83,15
38439215@N06,TW_99,88
38439215@N06,TW_118,24
38439215@N06,TW_130,27
38439215@N06,TW_136,65
38439215@N06,TW_144,38
38439215@N06,TW_160,22
38439215@N06,TW_170,43
38439215@N06,TW_181,17
38439215@N06,TW_192,87
38439215@N06,TW_237,2
38439215@N06,TW_252,26
38439215@N06,TW_270,50
38439215@N06,TW_271,47
38439215@N06,TW_316,22
38439215@N06,TW_317,16
44343967@N00,TW_26,9
44343967@N00,TW_217,20
44343967@N00,TW_259,17
44343967@N00,TW_266,15
44343967@N00,TW_382,15
44343967@N00,TW_383,15
44343967@N00,TW_384,15
44343967@N00,TW_387,2
47021802@N00,TW_182,23
8664669@N08,TW_2,30
8664669@N08,HK_6,4
44534236@N00,BJ_9,3
44534236@N00,SH_10,1
24435399@N05,BJ_63,3
82955071@N00,HK_0,71
82955071@N00,HK_17,222
82955071@N00,HK_29,15
82955071@N00,HK_31,24
82955071@N00,HK_33,19
82955071@N00,HK_37,17
82955071@N00,HK_52,28
82955071@N00,HK_54,16
95672737@N00,GX_0,17
95672737@N00,SH_0,126
95672737@N00,XZ_0,18
95672737@N00,SC_4,17
95672737@N00,HK_19,14
95672737@N00,BJ_43,48
22489773@N02,BJ_0,15
22489773@N02,HaiN_0,22
22489773@N02,HuB_0,37
22489773@N02,HuN_0,19
22489773@N02,NMG_0,28
22489773@N02,ShanX_0,31
22489773@N02,ZJ_0,19
22489773@N02,FJ_1,16
22489773@N02,HaiN_1,41
22489773@N02,JS_1,19
22489773@N02,GX_2,22
22489773@N02,JS_2,85
22489773@N02,HaiN_3,30
22489773@N02,SH_3,47
22489773@N02,TJ_3,27
22489773@N02,ZJ_3,20
22489773@N02,BJ_4,22
22489773@N02,ZJ_6,23
22489773@N02,SH_8,15
22489773@N02,SH_9,153
22489773@N02,SH_12,1
22489773@N02,SH_13,15
22489773@N02,BJ_15,133
22489773@N02,GD_23,15
79683683@N00,TW_209,15
13715300@N06,TW_35,71
13715300@N06,TW_111,5
13715300@N06,TW_148,23
13715300@N06,TW_183,39
13715300@N06,TW_242,33
13715300@N06,TW_292,28
13715300@N06,TW_303,21
13715300@N06,TW_322,1
13715300@N06,TW_333,30
13715300@N06,TW_338,17
13715300@N06,TW_369,18
72378904@N00,TW_311,1
64884367@N00,TW_3,62
64884367@N00,TW_230,31
44799907@N00,HK_6,6
44799907@N00,HK_13,67
44799907@N00,GD_21,17
44799907@N00,HK_22,2
44799907@N00,HK_30,81
44799907@N00,HK_40,8
44799907@N00,TW_341,2
38021965@N00,TW_322,1
38021965@N00,TW_334,1
34604973@N05,TW_18,37
34604973@N05,TW_26,2
34604973@N05,TW_38,85
34604973@N05,TW_72,18
34604973@N05,TW_155,29
34604973@N05,TW_159,41
34604973@N05,TW_184,41
34604973@N05,TW_229,36
34604973@N05,TW_246,33
34604973@N05,TW_263,16
34604973@N05,TW_287,28
34604973@N05,TW_320,15
47792984@N00,TW_86,2
52385846@N00,TW_199,24
35959155@N00,TW_266,1
35119688@N00,TW_234,18
29874058@N00,AH_0,15
9690615@N07,TW_187,30
9690615@N07,TW_279,18
81688406@N00,TW_86,20
81688406@N00,TW_96,3
81688406@N00,TW_253,4
81688406@N00,TW_313,2
81688406@N00,TW_353,19
81688406@N00,TW_364,18
81688406@N00,TW_374,16
81688406@N00,TW_378,16
11241023@N03,TW_4,28
11241023@N03,TW_17,20
11241023@N03,TW_67,20
11241023@N03,TW_88,77
11241023@N03,TW_139,26
11241023@N03,TW_174,21
11241023@N03,TW_195,16
11241023@N03,TW_222,34
11241023@N03,TW_247,20
11241023@N03,TW_268,25
11241023@N03,TW_275,22
11241023@N03,TW_301,19
11241023@N03,TW_343,17
11241023@N03,TW_358,16
11241023@N03,TW_377,18
19942824@N00,GD_14,18
13095581@N06,HK_1,4
13095581@N06,HK_27,1
13095581@N06,BJ_60,1
38150878@N05,TW_28,91
30274516@N00,BJ_1,19
40703341@N00,TW_231,27
40703341@N00,TW_317,2
41384513@N00,TW_111,2
41384513@N00,TW_253,2
11962130@N08,BJ_2,24
100500410@N03,TW_6,29
100500410@N03,TW_36,35
100500410@N03,TW_46,21
100500410@N03,TW_128,21
100500410@N03,TW_351,31
66478195@N00,HK_2,83
66478195@N00,HK_3,35
15137040@N03,TW_345,19
63287070@N00,TW_54,5
63287070@N00,TW_65,11
63287070@N00,TW_86,44
63287070@N00,TW_163,16
63287070@N00,TW_171,27
63287070@N00,TW_306,17
63287070@N00,TW_313,29
63287070@N00,TW_386,3
25728552@N06,TW_86,1
74841167@N03,HK_73,8
22852813@N04,HeB_0,22
22852813@N04,BJ_3,30
22852813@N04,BJ_6,19
10742165@N08,SH_51,15
10742165@N08,TW_264,15
10890283@N08,TW_219,32
10890283@N08,TW_363,15
87807876@N00,TW_10,2
87807876@N00,TW_80,43
87807876@N00,TW_129,14
87807876@N00,TW_341,1
87807876@N00,TW_386,1
99428956@N00,TW_179,1
10209478@N03,TW_258,1
10209478@N03,TW_341,3
27647984@N00,HK_20,25
27647984@N00,HK_35,1
84938189@N00,TW_33,36
81788993@N00,TW_10,1
81788993@N00,TW_86,11
81788993@N00,TW_111,4
14451269@N00,TW_9,4
14451269@N00,BJ_21,32
14451269@N00,TW_41,13
14451269@N00,TW_65,19
14451269@N00,TW_114,19
14451269@N00,TW_144,4
14451269@N00,TW_242,36
14451269@N00,TW_291,21
14451269@N00,TW_304,16
14451269@N00,TW_341,3
24203582@N04,XZ_1,23
24203582@N04,SC_7,20
24203582@N04,SH_12,51
24203582@N04,BJ_22,12
24203582@N04,BJ_52,8
24203582@N04,BJ_61,15
36268877@N03,SH_18,36
36268877@N03,SH_25,1
36268877@N03,SH_29,19
36268877@N03,SH_44,24
7365676@N03,TW_10,1
7365676@N03,BJ_64,8
21481721@N04,HK_1,1
21481721@N04,HK_38,1
20960317@N06,TW_11,36
20960317@N06,TW_14,108
20960317@N06,TW_44,33
20960317@N06,TW_74,26
20960317@N06,TW_92,23
20960317@N06,TW_190,33
20960317@N06,TW_362,24
97972855@N00,TW_23,1
48973657@N00,HK_69,33
9246286@N08,ShanX_1,17
9246286@N08,BJ_5,17
9246286@N08,ShanX_10,17
9246286@N08,BJ_28,30
40666989@N00,TW_12,36
40666989@N00,TW_61,35
40666989@N00,TW_89,51
40666989@N00,TW_156,42
40666989@N00,TW_201,28
7482841@N04,TW_9,1
97311228@N00,TW_13,15
97311228@N00,TW_107,26
97311228@N00,TW_126,66
97311228@N00,TW_370,15
65809978@N00,BJ_5,1
65809978@N00,SH_39,5
65809978@N00,TW_108,24
65809978@N00,TW_253,1
65809978@N00,TW_296,1
65809978@N00,TW_386,1
88607481@N00,TW_93,1
88607481@N00,TW_206,18
88607481@N00,TW_248,17
88607481@N00,TW_251,32
88607481@N00,TW_306,1
88607481@N00,TW_310,8
48627305@N00,TW_335,1
26355393@N00,TW_48,51
84056180@N00,SH_24,47
84056180@N00,SH_35,45
84056180@N00,TW_53,93
84056180@N00,TW_55,21
84056180@N00,TW_113,16
84056180@N00,TW_115,39
84056180@N00,TW_137,148
84056180@N00,TW_250,21
84056180@N00,TW_295,25
84056180@N00,TW_329,21
15315685@N00,YN_1,29
89534781@N00,TW_10,46
89534781@N00,TW_86,3
89534781@N00,TW_93,19
89534781@N00,TW_253,3
66883888@N00,HK_6,1
66883888@N00,HK_10,3
66883888@N00,ShanX_11,15
66883888@N00,HK_49,34
66883888@N00,BJ_53,29
66883888@N00,HK_53,1
98153629@N00,BJ_5,1
20897132@N00,HK_6,2
20897132@N00,ZJ_7,21
20897132@N00,BJ_50,18
20897132@N00,BJ_54,18
20897132@N00,TW_253,2
30222664@N00,TW_58,21
30222664@N00,TW_86,7
30222664@N00,TW_173,57
30222664@N00,TW_253,9
30222664@N00,TW_278,26
30222664@N00,TW_313,2
30222664@N00,TW_325,8
30222664@N00,TW_357,16
30222664@N00,TW_380,5
46887059@N00,TW_158,19
46887059@N00,TW_265,46
46887059@N00,TW_372,25
8996753@N06,TW_146,1
8996753@N06,TW_152,1
8996753@N06,TW_258,4
8996753@N06,TW_264,2
8996753@N06,TW_380,6
25113542@N00,TW_26,2
25113542@N00,TW_75,20
25113542@N00,TW_119,29
25113542@N00,TW_243,21
25113542@N00,TW_373,22
22669489@N00,TW_189,21
49296659@N00,HK_4,20
49296659@N00,HK_32,78
49296659@N00,HK_58,16
84635553@N00,TW_20,43
63651050@N00,HK_35,2
39489503@N00,TW_21,28
39489503@N00,TW_235,29
35971282@N00,SH_27,6
35971282@N00,SH_36,22
35971282@N00,SH_39,3
9298016@N08,TW_22,16
9298016@N08,TW_135,69
40891106@N08,TW_23,46
40891106@N08,TW_47,2
40891106@N08,TW_101,21
40891106@N08,TW_202,21
8386077@N04,BJ_55,1
51636307@N00,TW_138,18
51636307@N00,TW_332,14
25982074@N00,HuB_1,22
61585804@N00,TW_24,30
61585804@N00,TW_77,16
61585804@N00,TW_82,26
61585804@N00,TW_100,36
61585804@N00,TW_147,24
61585804@N00,TW_153,18
61585804@N00,TW_196,41
61585804@N00,TW_245,17
61585804@N00,TW_281,12
61585804@N00,TW_286,19
19282957@N00,HK_6,2
19282957@N00,HK_13,1
19282957@N00,HK_27,10
19282957@N00,HK_30,1
96941606@N00,HK_10,4
96941606@N00,HK_38,1
96941606@N00,HK_57,15
57449260@N00,BJ_58,1
13186010@N00,TW_243,3
79364055@N00,HK_6,1
79364055@N00,TW_290,18
10753435@N05,TW_124,28
62825134@N00,TW_25,20
62825134@N00,TW_380,1
21579885@N08,TW_40,1
21579885@N08,TW_71,1
56617401@N00,SH_1,17
56617401@N00,ZJ_1,17
31384508@N02,HK_5,87
31384508@N02,HK_12,37
31384508@N02,BJ_19,15
31384508@N02,HK_25,37
31384508@N02,HK_28,15
31384508@N02,BJ_38,8
31384508@N02,HK_53,31
31384508@N02,BJ_55,23
31384508@N02,HK_61,30
31384508@N02,TW_141,18
38004424@N00,TW_236,21
46214148@N00,SC_3,5
46214148@N00,SH_20,23
46214148@N00,SH_27,31
46214148@N00,SH_34,16
46214148@N00,SH_38,16
46214148@N00,SH_39,3
46214148@N00,SH_47,16
46214148@N00,SH_49,1
46214148@N00,SH_50,23
63493148@N00,TW_27,17
47223993@N03,BJ_9,1
47223993@N03,SH_25,1
43162195@N00,TW_32,228
43162195@N00,TW_125,103
43162195@N00,TW_272,16
43162195@N00,TW_350,15
63125501@N00,SH_39,2
9330653@N02,HK_6,1
9330653@N02,TW_111,1
9330653@N02,TW_144,1
9330653@N02,TW_258,1
8502118@N08,HK_6,2
8502118@N08,BJ_22,1
8502118@N08,BJ_31,1
27302727@N03,BJ_9,1
21063247@N00,HK_6,1
21063247@N00,HK_27,2
21063247@N00,TW_53,1
21063247@N00,TW_54,42
21063247@N00,TW_86,1
21063247@N00,TW_179,1
21063247@N00,TW_297,11
21063247@N00,TW_332,1
21063247@N00,TW_341,14
61368956@N00,GD_7,15
61368956@N00,BJ_39,24
93256925@N00,TW_122,22
93256925@N00,TW_179,1
93256925@N00,TW_253,3
93256925@N00,TW_381,16
84428067@N00,TW_29,31
84212799@N00,TW_284,16
38005997@N00,TW_26,1
38005997@N00,TW_30,17
38005997@N00,TW_162,28
38005997@N00,TW_179,1
38005997@N00,TW_180,33
38005997@N00,TW_274,23
38005997@N00,TW_361,33
22055616@N04,HK_35,1
59901756@N00,BJ_64,12
48815088@N03,TW_9,1
18031377@N00,TJ_2,16
18031377@N00,HK_7,39
18031377@N00,GD_22,15
18031377@N00,GD_24,15
73324698@N00,BJ_31,4
22991176@N02,HLJ_0,18
22991176@N02,JX_0,19
22991176@N02,XJ_0,15
22991176@N02,YN_0,16
22991176@N02,JX_1,16
22991176@N02,SC_2,23
22991176@N02,JS_3,19
22991176@N02,HaiN_4,19
22991176@N02,SC_5,20
22991176@N02,ZJ_5,22
22991176@N02,BJ_62,15
62559061@N06,HK_8,1
71039889@N00,SD_1,22
71039889@N00,SD_2,29
71039889@N00,ShanX_6,12
71039889@N00,BJ_27,23
48951694@N05,TW_37,19
50119254@N00,SH_2,96
50119254@N00,SC_3,6
14089816@N05,TW_39,66
14089816@N05,TW_63,30
14089816@N05,TW_68,16
14089816@N05,TW_127,18
14089816@N05,TW_161,2
14089816@N05,TW_297,1
14089816@N05,TW_371,16
44124371264@N01,BJ_31,1
59594757@N00,TW_40,12
59594757@N00,TW_71,3
59594757@N00,TW_188,14
83555001@N00,HK_46,1
98827484@N00,HK_56,43
32271955@N00,TW_66,22
59297909@N00,SH_43,1
40891029@N00,TW_9,6
77987497@N00,BJ_29,12
12352899@N04,TW_228,2
13940097@N04,TW_42,18
13940097@N04,TW_134,20
13940097@N04,TW_224,15
11679764@N03,TW_43,17
11679764@N03,TW_186,17
35036603@N06,BJ_52,3
70464442@N00,TW_45,20
9911655@N08,Macro_0,80
9911655@N08,GD_1,18
9911655@N08,SH_16,41
9911655@N08,GD_17,15
9911655@N08,GD_25,16
70965438@N00,SH_22,24
33379131@N00,TW_71,1
12498350@N00,GD_0,22
12498350@N00,HuN_1,25
12498350@N00,YN_2,20
12498350@N00,BJ_10,31
39944549@N03,ShanX_2,5
39944549@N03,YN_4,7
39944549@N03,BJ_48,18
52977394@N00,BJ_12,20
24649145@N03,HK_11,18
24649145@N03,TW_50,23
24649145@N03,TW_166,39
24649145@N03,TW_331,23
24649145@N03,TW_336,17
24649145@N03,TW_349,16
24649145@N03,TW_387,1
20958187@N00,TW_47,10
20958187@N00,TW_346,14
10299779@N03,HK_40,2
99708700@N00,HK_38,3
16157180@N00,TW_216,46
9643030@N08,HK_53,1
73169830@N00,JS_0,32
73169830@N00,JS_6,37
73169830@N00,SH_33,29
10068260@N00,TW_253,1
61833783@N04,GD_15,15
34736908@N05,SH_49,1
21065622@N08,HK_9,14
101005284@N03,TW_51,20
49576181@N00,BJ_22,4
83228217@N00,TW_309,37
83228217@N00,TW_346,1
83228217@N00,TW_387,1
47352327@N00,BJ_7,17
47882961@N05,SH_5,29
61664791@N05,HK_8,19
48453097@N00,HK_6,2
8873441@N06,TW_54,2
42601372@N00,TW_310,7
95214050@N00,ZJ_2,17
95214050@N00,BJ_18,19
95214050@N00,SH_25,5
95214050@N00,BJ_31,3
95214050@N00,BJ_44,16
95214050@N00,TW_64,37
95214050@N00,TW_312,16
77452335@N00,TW_280,17
77452335@N00,TW_344,15
22098403@N00,BJ_8,19
20297055@N00,TW_330,27
21255424@N07,XZ_4,22
72088375@N07,HK_60,25
20107251@N00,TW_56,582
20107251@N00,TW_305,16
25064784@N00,SH_53,2
42583704@N00,TW_110,15
42583704@N00,TW_228,6
42583704@N00,TW_364,1
45802067@N03,BJ_9,5
45802067@N03,SH_25,2
76967548@N00,TW_262,30
29306647@N03,GX_1,57
29306647@N03,SH_4,26
29306647@N03,BJ_57,9
49503002894@N01,BJ_35,42
39914653@N07,TW_296,14
35727794@N05,SH_6,159
9702810@N02,TW_71,5
10340578@N06,TW_59,18
10340578@N06,TW_94,24
10340578@N06,TW_185,34
10340578@N06,TW_213,36
10340578@N06,TW_334,17
70385002@N00,TW_325,2
15954109@N06,SH_7,15
15954109@N06,BJ_16,46
15954109@N06,BJ_25,31
82204180@N00,BJ_41,21
50178625@N00,BJ_5,1
50178625@N00,TW_253,1
27703797@N06,HK_16,46
87017213@N00,TW_60,15
8871838@N04,Macro_2,16
8871838@N04,TW_238,26
39365476@N00,TW_297,1
79267922@N00,BJ_11,31
26444487@N07,SH_25,1
50749048@N00,HK_11,2
33988803@N00,TW_364,1
37803129@N00,ShanX_6,7
94954047@N00,TW_243,1
52506247@N05,TW_314,15
38641588@N00,TW_116,17
38641588@N00,TW_269,34
61683005@N00,SH_37,5
96292413@N00,GD_2,70
16650356@N02,HK_27,1
37790597@N05,BJ_22,1
37790597@N05,BJ_66,1
37403827@N00,GD_3,91
82756760@N00,HK_35,1
14161209@N05,TW_207,22
22161158@N06,BJ_58,9
62341194@N04,SH_10,3
13117965@N00,TW_145,21
66579844@N00,AH_1,16
14990149@N04,HK_6,2
14990149@N04,HK_11,4
38862024@N00,BJ_36,17
13257083@N08,HK_14,25
29509789@N00,BJ_38,1
42502651@N00,HK_15,23
42502651@N00,HK_21,24
42502651@N00,HK_26,43
42502651@N00,HK_44,16
42502651@N00,HK_64,20
97241480@N00,TW_356,15
77762547@N00,SC_0,32
61577908@N00,CQ_0,17
61577908@N00,BJ_31,6
61577908@N00,BJ_63,8
61577908@N00,BJ_66,1
10937625@N06,TW_70,16
10937625@N06,TW_239,15
10937625@N06,TW_324,18
92174220@N07,GD_4,93
92174220@N07,GD_5,64
62686445@N07,TW_40,2
62686445@N07,TW_71,5
13251695@N00,TW_175,19
13251695@N00,TW_249,56
13251695@N00,TW_318,24
7481409@N06,TW_111,14
68743756@N00,TW_76,15
68743756@N00,TW_211,18
68743756@N00,TW_256,31
70217866@N00,HK_6,1
96854014@N02,ShanX_3,17
96854014@N02,ShanX_5,24
49081299@N06,HK_18,32
31272344@N00,ShanX_7,21
31272344@N00,ShanX_12,16
31272344@N00,BJ_13,21
31272344@N00,BJ_32,21
70173702@N08,HK_50,2
70173702@N08,TW_86,1
28204245@N00,TW_335,1
54502405@N00,TW_335,1
63639802@N02,TW_78,17
63639802@N02,TW_376,16
70944869@N00,HK_11,1
70177760@N04,CQ_2,50
70177760@N04,CQ_4,16
42682704@N00,TW_179,1
90715281@N00,BJ_14,17
40989835@N03,SH_42,32
7666975@N03,SH_49,2
44124401641@N01,BJ_31,1
72238914@N00,TW_79,17
96389421@N04,BJ_28,1
21755020@N06,TW_81,26
21755020@N06,TW_212,29
59034664@N00,TW_194,23
28316616@N06,TW_84,22
28316616@N06,TW_322,14
7768566@N07,TW_253,3
25583941@N00,TW_85,171
21829537@N00,BJ_38,1
21829537@N00,BJ_63,1
32823446@N00,TW_253,3
39725869@N04,AH_2,24
26233790@N00,SH_53,2
36449657@N00,SH_11,80
36449657@N00,HK_48,29
15237218@N00,LN_0,30
15237218@N00,TJ_1,19
15237218@N00,LN_2,29
86038526@N06,BJ_63,1
44613915@N00,TW_302,1
12123622@N04,SH_25,4
43368521@N00,TW_165,25
18843134@N00,TW_87,39
77034082@N00,HK_6,2
77034082@N00,BJ_30,15
77034082@N00,HK_30,1
77034082@N00,BJ_52,2
77034082@N00,BJ_66,3
77179348@N00,HK_6,2
77179348@N00,HK_73,8
53225911@N00,TW_90,16
53225911@N00,TW_111,3
53225911@N00,TW_205,18
93418867@N00,GD_16,1
16247112@N00,TW_91,33
25323591@N03,HK_23,18
52806294@N07,TW_179,1
80863404@N00,TJ_0,62
9788458@N07,TW_188,2
32745330@N00,HK_6,1
32745330@N00,TW_179,2
32745330@N00,TW_325,8
32745330@N00,TW_341,1
44835756@N00,BJ_17,23
94786337@N00,HK_30,1
25888224@N03,TW_123,17
25888224@N03,TW_366,1
96742741@N00,HK_53,1
24589866@N04,TW_96,20
94509941@N00,TW_253,2
41063459@N02,SH_21,20
10374780@N02,TW_97,15
10374780@N02,TW_337,23
75433471@N04,TW_98,16
75433471@N04,TW_149,23
75433471@N04,TW_347,16
52032216@N00,SC_1,70
52032216@N00,JX_2,18
52032216@N00,ShanX_8,18
32684022@N00,HK_35,1
24764680@N07,GD_6,25
35205288@N03,TW_26,8
10519936@N07,XZ_2,71
58571789@N00,BJ_9,1
71904160@N00,HK_38,2
28388746@N04,TW_102,60
77026326@N00,BJ_24,17
77026326@N00,TW_226,16
70181629@N05,BJ_20,60
16982744@N03,TW_178,8
16982744@N03,TW_321,47
8215861@N07,BJ_47,1
13928063@N02,HK_70,11
84319124@N00,TW_133,18
84319124@N00,TW_150,1
84319124@N00,TW_200,6
84319124@N00,TW_227,3
77205166@N03,HK_11,1
51379203@N00,TW_103,16
7288338@N07,TW_104,25
68224568@N08,TW_164,83
79112147@N00,HK_5,1
8946362@N07,SH_27,1
27207517@N08,BJ_23,15
84063124@N00,TW_109,28
84063124@N00,TW_151,15
84063124@N00,TW_228,28
84063124@N00,TW_326,23
84063124@N00,TW_328,15
42139271@N00,HK_6,2
42139271@N00,HK_35,2
42139271@N00,TW_386,2
41813239@N07,SH_14,44
38331851@N00,BJ_37,20
30774992@N00,TW_112,28
69875617@N00,HK_6,2
69875617@N00,HK_74,16
28006645@N06,SH_39,3
28006645@N06,TW_233,18
45524962@N00,HK_62,18
33726063@N00,TW_71,2
13391537@N02,HK_45,23
13391537@N02,HK_59,3
27228003@N00,SH_25,1
27228003@N00,TW_40,2
8855051@N02,HK_30,2
8855051@N02,HK_39,43
53869907@N00,TW_302,1
31531013@N07,TW_117,21
8883582@N04,TW_111,1
73440891@N05,SD_0,24
73440891@N05,BJ_9,1
73440891@N05,BJ_26,29
73440891@N05,HK_34,38
12047608@N00,TW_355,17
12527903@N00,BJ_31,2
51876860@N00,BJ_9,1
50833124@N06,CQ_1,22
50833124@N06,CQ_3,15
50833124@N06,SC_6,16
31404528@N02,HK_53,1
35413994@N00,TW_198,18
35413994@N00,TW_298,24
59239814@N00,TW_367,34
10872369@N04,TW_182,1
24906811@N04,TW_120,21
69455149@N00,TW_121,19
14884963@N07,ShanX_9,23
14884963@N07,BJ_59,4
51834351@N00,SH_15,27
45972156@N04,HK_6,1
45972156@N04,BJ_52,1
45972156@N04,BJ_59,1
45972156@N04,HK_76,4
44131263@N00,HK_12,1
44131263@N00,HK_53,1
71845914@N00,HK_6,1
98611408@N00,BJ_56,1
98611408@N00,BJ_59,15
98533355@N00,SH_49,1
7410286@N03,TW_172,17
44851088@N00,HK_27,2
31655809@N03,TW_131,18
31655809@N03,TW_267,43
11557559@N04,BJ_34,13
64881015@N00,TW_288,1
67975030@N00,BJ_57,1
8148724@N08,TW_71,1
42628694@N03,SH_11,1
32384318@N06,HK_30,1
32384318@N06,SH_39,4
9138264@N06,TW_181,1
9138264@N06,TW_244,15
9138264@N06,TW_255,15
15928178@N00,GD_12,17
37546787@N05,SH_25,3
43706928@N00,LN_3,20
43706928@N00,TJ_4,19
44854653@N00,SH_17,33
42919249@N04,TW_143,18
79582266@N00,BJ_5,4
79582266@N00,BJ_59,5
10297518@N00,HK_6,1
55931052@N00,BJ_29,3
18333991@N00,TW_146,21
13322960@N00,TW_161,16
13322960@N00,TW_178,22
13322960@N00,TW_197,15
13322960@N00,TW_325,3
35763244@N00,SH_25,1
36286682@N00,SC_3,8
22736462@N07,SH_19,36
22736462@N07,SH_31,17
22736462@N07,SH_52,16
22748176@N00,BJ_9,2
66949658@N02,TW_210,17
66949658@N02,TW_294,14
76224602@N00,GD_8,25
76224602@N00,GD_13,27
87358304@N00,TW_354,18
74933214@N00,TW_146,1
53256145@N07,GD_9,16
21803166@N08,TW_152,14
49836192@N03,TW_258,8
7614607@N05,TW_154,21
7614607@N05,TW_223,16
7614607@N05,TW_293,15
48887934@N00,TW_157,15
97006177@N00,HK_6,1
82433633@N00,TW_237,16
13053467@N03,Macro_1,15
91863140@N00,BJ_58,1
81986448@N00,TW_179,14
29549955@N00,GD_11,39
29549955@N00,GD_19,22
8864499@N06,TW_111,1
76917657@N00,SH_23,22
41894169878@N01,TW_253,2
83332749@N00,TW_168,26
45316176@N00,HK_27,1
45316176@N00,HK_70,1
37138982@N08,BJ_55,1
7855581@N04,HK_6,1
7313621@N03,BJ_22,1
71023463@N00,HK_40,1
37996582271@N01,HK_12,3
37996582271@N01,HK_35,2
8796403@N06,ShanX_2,1
8796403@N06,BJ_56,4
8796403@N06,HK_63,4
58281703@N04,HK_46,2
32722959@N03,TW_253,3
22041735@N04,GZ_0,25
22041735@N04,HK_66,22
98563978@N00,YN_4,16
98563978@N00,HK_6,2
17352537@N00,SC_3,2
81446130@N00,HK_36,16
88854320@N00,TW_258,1
22826523@N00,TW_355,1
22826523@N00,TW_380,2
23249662@N03,TW_162,2
44204483@N04,TW_176,52
21160385@N02,BJ_9,1
97329191@N04,TW_177,19
97329191@N04,TW_273,16
69004123@N00,TW_54,2
54818273@N00,TW_261,18
36725576@N00,SH_25,11
24232779@N00,HK_13,1
44446234@N00,BJ_33,28
23497297@N03,BJ_9,1
58727198@N00,SH_53,8
72734322@N08,SH_25,5
37379562@N02,TW_335,1
8293801@N07,HK_10,1
62360013@N04,HK_8,1
89099455@N00,TW_254,17
17835110@N00,HK_26,1
58915090@N03,HK_46,1
14545665@N04,SH_26,34
84077682@N00,TW_310,1
27735438@N08,HK_13,1
8142856@N05,TW_341,1
64525258@N00,TW_191,22
17643132@N00,BJ_31,3
9048212@N08,XZ_3,17
9048212@N08,TW_283,16
51047579@N03,JS_4,28
25929193@N00,SH_49,2
25929193@N00,SH_53,2
22637304@N00,HK_53,1
8465992@N02,TW_193,16
51963363@N00,SH_49,7
96436565@N00,HK_38,1
28815564@N00,HK_6,2
97725124@N00,AH_2,9
97725124@N00,ShanX_4,22
31069581@N05,TW_335,1
62588610@N00,HK_6,1
74828704@N00,TW_9,1
88123578@N00,TW_342,17
61141560@N07,TW_297,1
8668771@N08,TW_28,1
35391423@N00,TW_204,20
31403693@N00,TW_208,22
31403693@N00,TW_214,27
31403693@N00,TW_282,47
83563301@N08,TW_258,1
41084935@N00,HK_41,17
53796094@N00,TW_387,11
30569687@N00,ZJ_4,15
25095063@N04,HK_13,1
40238897@N03,TW_215,16
7874812@N06,SH_28,32
93326316@N07,HK_42,15
39978945@N00,TW_218,40
62344255@N00,TW_41,2
37267266@N03,SH_10,1
12169610@N03,TW_220,17
26320309@N08,HK_43,33
93888280@N00,HK_6,1
40381909@N05,TW_221,17
37698604@N02,TW_225,25
37698604@N02,TW_366,16
83959161@N00,HK_53,1
21050486@N08,TW_258,1
87715586@N00,TW_386,2
9420164@N03,TW_253,1
74333340@N08,GD_16,1
37758841@N03,TW_47,15
37758841@N03,TW_365,25
65675500@N00,Macro_3,15
21353230@N00,BJ_40,34
21353230@N00,SH_40,19
40305917@N00,BJ_31,3
76041376@N05,SH_25,4
9658962@N05,TW_339,16
37996582209@N01,BJ_42,12
44632322@N00,SH_37,1
28749940@N02,SH_25,1
49851674@N00,TW_335,8
49851674@N00,TW_348,16
98381303@N00,BJ_22,2
98381303@N00,SH_37,2
99969164@N00,BJ_31,1
99969164@N00,BJ_52,1
30953215@N07,HK_38,1
22857808@N03,BJ_38,5
9182164@N03,JS_5,19
42509295@N00,SH_30,15
42509295@N00,BJ_47,17
88013667@N00,HaiN_2,38
20342431@N00,TW_240,16
79062529@N00,BJ_38,1
79062529@N00,BJ_55,1
46361849@N08,TW_96,1
35931150@N08,SH_10,4
35931150@N08,SH_25,1
35931150@N08,HK_46,1
47700510@N05,HK_35,1
32105150@N03,TW_341,2
12048536@N00,TW_253,1
7519840@N03,HK_46,2
73422480@N00,BJ_5,1
85251638@N00,BJ_45,18
49938597@N00,SH_37,1
41648399@N06,HK_46,2
69501650@N00,TW_258,1
33363480@N05,SC_3,2
33363480@N05,BJ_9,1
24671328@N08,TW_375,21
77712728@N00,BJ_46,20
32567307@N00,HK_10,1
89165847@N00,SH_25,3
31792248@N04,TW_257,22
8558643@N06,TW_253,1
61599635@N00,HK_6,2
24413182@N00,TW_253,4
28085418@N07,SH_25,2
28299382@N06,SH_27,1
74089517@N00,SH_25,22
90867771@N00,BJ_51,14
65418161@N04,TW_352,21
87774367@N00,GD_18,19
9712654@N05,HK_8,1
85419481@N00,BJ_22,4
24271893@N07,TW_71,1
73803561@N00,BJ_9,1
97236816@N00,BJ_31,5
97236816@N00,BJ_63,1
81168954@N00,HK_50,25
26788416@N06,SH_25,1
25117438@N05,BJ_22,1
7533117@N07,HK_51,21
94417372@N00,SH_37,9
59759692@N03,TW_276,15
60198488@N06,TW_54,53
60198488@N06,TW_359,17
7814858@N07,TW_277,16
57604720@N00,HK_13,2
8017548@N04,TW_285,42
26170512@N04,TW_308,39
79689276@N00,TW_26,1
95368342@N00,HK_55,26
58939221@N03,HK_27,1
31248246@N07,BJ_9,18
38193766@N08,TW_341,2
38193766@N08,TW_386,8
29613047@N00,TW_71,1
83413148@N00,TW_253,1
92987904@N00,LN_1,27
7766871@N02,HK_8,4
51573850@N00,HK_8,3
51573850@N00,GD_16,9
51573850@N00,HK_46,2
65676168@N00,BJ_9,1
91987809@N00,TW_179,1
27801883@N07,JS_7,15
9063978@N06,TW_288,3
91184881@N07,TW_289,38
78667200@N00,BJ_59,1
27809140@N00,BJ_49,15
47674311@N04,TW_319,19
47674311@N04,TW_368,16
51528187@N00,HK_76,1
60663450@N02,TW_71,1
47552504@N00,AH_2,3
16899035@N00,TW_307,24
92371939@N08,BJ_66,1
90469716@N00,HK_9,1
37447181@N04,SC_3,1
23741590@N03,SH_26,3
28075350@N07,TW_297,1
13442544@N07,TW_300,16
59736166@N00,BJ_22,1
68058708@N08,TW_302,15
34449818@N08,FJ_0,15
23609079@N07,SH_25,2
32657985@N04,GD_16,1
13697798@N00,TW_334,9
90208555@N06,HK_46,2
84292292@N00,HK_35,2
43982795@N03,SH_25,1
74784235@N06,GX_3,15
82373898@N00,TW_311,17
9796049@N03,JL_0,20
21225669@N00,BJ_48,1
52161059@N00,HK_35,1
33230654@N08,SH_41,47
15584964@N00,HK_6,1
8819274@N04,GD_20,28
44929385@N00,HK_35,1
10687935@N04,HK_8,1
79235216@N00,HK_27,1
87473749@N03,GD_16,3
91997522@N00,ShanX_2,6
18412989@N00,BJ_34,3
45363236@N08,TW_323,21
83136675@N00,SH_25,3
44628495@N07,HK_27,1
102575288@N08,TW_7,1
23851271@N00,HK_59,1
46312652@N00,SH_25,1
27568262@N00,HK_35,1
96062604@N05,TW_253,2
71505378@N08,TW_327,19
22596675@N05,HK_27,1
72471306@N00,HK_5,4
72471306@N00,HK_6,1
82256568@N03,HK_27,1
53074617@N00,SH_25,1
25530545@N04,HK_63,4
79080346@N08,TW_111,2
45909111@N00,SH_45,15
95864837@N00,TW_281,3
49503017714@N01,TW_335,1
53242241@N00,BJ_58,3
28322281@N03,TW_340,24
80192945@N02,TW_40,2
91060258@N05,HK_46,1
73504146@N00,HK_59,2
32761710@N06,SH_25,2
23130157@N05,ShanX_2,5
23130157@N05,SH_37,2
17306001@N00,HK_65,1
92704424@N08,HK_67,19
56796376@N00,TW_335,1
59888866@N00,HK_35,5
26399791@N07,BJ_57,1
28404674@N00,HK_53,1
28404674@N00,TW_335,1
21373834@N04,SC_3,3
21373834@N04,TW_71,1
40732566019@N01,HK_35,2
81475308@N00,BJ_58,1
93148985@N00,BJ_24,20
98782544@N00,HK_27,1
98782544@N00,HK_53,1
56104834@N07,TW_288,1
35457262@N06,HK_46,1
68067356@N02,HK_8,2
44935294@N08,TW_40,1
36765583@N00,SH_25,1
26757052@N04,TW_332,2
7681507@N02,SH_48,22
16287002@N00,HK_63,1
93897327@N00,BJ_5,1
18057962@N00,HK_6,1
93907767@N00,HK_68,22
68506146@N00,BJ_60,17
27673611@N06,SH_25,2
14146962@N07,HK_40,4
42256496@N00,BJ_65,15
8704040@N04,HK_8,2
8704040@N04,BJ_9,1
40491562@N00,BJ_57,3
51382158@N04,SH_10,1
10464117@N05,HK_8,4
75489014@N00,HK_46,1
66783207@N00,HK_27,1
35444525@N02,BJ_31,1
42575104@N02,SH_25,1
83294279@N00,BJ_9,2
83294279@N00,SH_25,3
83294279@N00,HK_46,1
44731424@N07,SH_25,1
37606273@N07,BJ_9,1
7549069@N03,HK_53,1
41616657@N03,BJ_63,1
11060258@N02,TW_71,1
22085049@N07,HK_27,1
39675357@N04,SH_25,1
27590470@N07,HK_38,1
14382775@N04,TW_179,1
61472817@N03,GD_16,5
60864794@N00,TW_253,1
33421999@N06,HK_27,1
40025409@N03,SH_25,1
88787599@N00,HK_35,1
73357969@N00,BJ_31,1
96698778@N00,BJ_66,1
85579416@N05,TW_71,1
27883181@N05,BJ_31,4
55772206@N03,HK_63,11
27454212@N00,HK_76,3
63989665@N00,TW_253,1
75546495@N03,BJ_22,1
30939981@N00,TW_71,1
97108771@N00,SH_49,4
77299331@N03,SC_3,1
86379259@N00,TW_54,1
34060845@N04,SH_25,1
8599338@N04,HK_35,1
11518822@N00,HK_46,7
30021894@N06,HK_6,1
88456480@N00,GD_16,1
72885742@N00,TW_71,1
68993117@N04,SH_25,2
93831572@N00,BJ_66,2
41556230@N04,GD_16,1
55045401@N02,HK_27,1
85461015@N00,TW_379,16
30818981@N04,GD_16,1
95926692@N00,BJ_42,1
86657422@N00,BJ_64,2
76674637@N07,SH_25,2
73295603@N00,HK_8,1
73295603@N00,BJ_9,2
7299093@N06,TW_253,5
7393833@N05,BJ_56,2
81607647@N00,HK_35,1
7607063@N06,HK_72,15
12719710@N00,SH_37,2
54549576@N00,BJ_38,1
26468775@N06,BJ_9,2
26468775@N06,GD_16,11
41556154@N06,SH_37,6
41556154@N06,BJ_56,9
52075598@N00,TW_253,1
44015089@N00,TW_71,1
76369961@N06,HK_46,1
22564941@N03,BJ_9,1
22564941@N03,SH_25,1
55322880@N00,TW_71,1
64767370@N08,BJ_9,1
12053105@N03,SH_12,2
52342567@N00,TW_71,1
80083044@N00,TW_40,1
28209254@N08,BJ_57,1
42403493@N02,HK_35,2
97251982@N00,HK_27,1
10623456@N02,BJ_9,1
59511488@N05,HK_6,1
59511488@N05,HK_27,1
89974231@N00,HK_35,1
11249847@N00,HK_6,1
49512858@N00,HK_70,4
11413118@N03,HK_46,1
71156656@N08,SH_25,1
33671523@N04,HK_46,1
7839660@N02,SH_49,1
54441021@N02,HK_46,2
99252051@N05,SH_10,1
30615274@N00,GD_16,1
91274019@N00,SH_53,1
66000686@N02,HK_46,1
58718224@N00,TW_40,1
14735291@N06,TW_9,4
98302181@N05,HK_38,1
66810212@N07,TW_288,1
30532771@N03,TW_288,1
74702482@N00,BJ_66,2
57698130@N06,TW_288,1
20076333@N00,BJ_42,2
13518023@N03,TW_358,1
14124404@N00,SH_25,1
23413356@N00,TW_86,1
72175822@N00,TW_258,3
15091922@N08,SH_27,1
34153865@N07,HK_46,1
30413153@N00,TW_341,1
67788274@N08,HK_46,1
90917979@N04,TW_288,1
59779290@N03,BJ_51,2
42139601@N00,HK_4,1
42139601@N00,HK_27,1
85150534@N06,BJ_9,1
7277367@N07,HK_46,3
39493003@N00,HK_46,1
49754823@N00,GD_26,20
27469673@N00,BJ_9,1
61146724@N00,BJ_31,2
44908367@N08,BJ_9,1
29799280@N02,HK_8,1
8588170@N07,HK_46,14
32697239@N04,HK_35,1
78452402@N07,SH_25,1
60673833@N07,HK_8,1
31737908@N00,BJ_9,1
97205587@N00,HK_6,1
30399796@N03,SC_3,1
49304919@N00,HK_35,1
54545503@N04,BJ_9,1
54545503@N04,GD_16,1
64137774@N07,SH_25,1
30043078@N08,SH_25,1
65215860@N03,SH_10,1
65215860@N03,SH_25,1
31455207@N05,BJ_9,1
25523298@N02,HK_46,1
99662199@N00,BJ_22,4
9981285@N06,BJ_9,1
67577265@N07,SH_25,1
30514521@N08,BJ_60,1
44043718@N00,HK_9,1
59681337@N00,BJ_9,2
50435138@N02,HK_8,1
50435138@N02,HK_46,1
48517248@N08,BJ_9,1
48517248@N08,SH_25,1
32264229@N03,BJ_9,1
92759807@N03,BJ_9,1
67664335@N00,HK_6,1
50063046@N00,TW_288,2
7620637@N06,TW_71,1
66508708@N00,TW_71,1
64467568@N08,BJ_9,1
54731063@N00,GD_16,1
11289618@N08,BJ_9,1
58513626@N04,BJ_34,2
72538924@N00,HK_19,1
56379840@N00,SH_53,3
26779291@N00,BJ_9,3
53171524@N00,HK_46,1
11418908@N07,HK_46,1
14529688@N08,HK_6,1
61094656@N05,BJ_9,1
24544761@N03,TW_71,1
58843107@N06,TW_71,1
76887904@N05,TW_294,1
40414896@N08,SH_10,1
36930079@N02,SH_10,1
25785996@N06,HK_9,1
57403594@N04,HK_46,1
21685616@N07,TW_129,1
61065128@N04,SH_25,1
56458464@N03,SH_25,1
90733161@N05,HK_8,1
46166795@N08,TW_71,1
88155752@N00,SH_25,1
61893502@N00,HK_27,1
51544004@N07,SH_25,1
71011448@N08,HK_46,2
14647987@N05,SH_25,1
90064952@N05,BJ_9,1
45457437@N00,HK_6,1
58147070@N02,SH_25,1
62264628@N03,TW_71,1
52894064@N02,TW_288,1
30393142@N03,BJ_48,3
8736439@N06,GD_16,1
64185004@N06,TW_288,1
57008821@N02,BJ_9,1
51045181@N00,BJ_9,1
15595212@N08,HK_8,1
15595212@N08,HK_46,1
35191231@N05,SH_25,1
15450180@N05,SH_25,1
9047027@N06,BJ_5,1
30235408@N07,SH_25,1
13518442@N06,BJ_9,1
23625389@N04,TW_71,1
87395008@N00,TW_288,1
85085788@N07,TW_288,1
37309069@N04,BJ_9,1
46761716@N03,BJ_9,1
8816668@N06,ShanX_2,1
54652182@N07,SH_49,1
62669873@N08,TW_71,1
83559281@N00,SH_12,1
8128431@N04,HK_35,1
37011688@N06,SH_25,1
7862527@N02,SH_25,1
8126142@N06,SH_10,1
32772551@N00,BJ_9,1
11604753@N00,BJ_56,1
12453917@N05,SH_25,2
47365765@N02,BJ_9,1
71031914@N00,TW_288,1
29981253@N03,HK_27,1
21717623@N04,HK_8,1
13579100@N06,TW_71,1
71146753@N07,HK_46,1
61208145@N03,SH_25,1
105449713@N07,SH_10,1
79091884@N03,SC_3,1
9987250@N04,HK_6,1
52303546@N00,BJ_9,1
29016769@N00,TW_71,1
86063761@N00,SH_25,1
57128374@N02,BJ_9,1
30557460@N05,GD_16,1
29737472@N00,SH_25,1
50484550@N07,TW_335,1
34336576@N02,HK_46,1
76670122@N04,SH_10,1
13066221@N03,HK_35,1
98028869@N05,TW_188,1
93048670@N00,HK_46,1
